id,slug,name,official_name,category,star_rating,area,address,rate_dbl_cp_inr,rate_dbl_map_inr,market_rate_typical_inr,market_rate_low_inr,market_rate_low_source,market_rate_high_inr,market_rate_high_source,market_rate_includes_breakfast,market_rate_date_checked,market_rate_notes,distance_to_beach,distance_from_dabolim_airport_km,distance_from_mopa_airport_km,distance_from_thivim_station_km,total_rooms,room_types,amenities,check_in,check_out,dining,website,phone,google_rating,google_review_count,ota_rating,description,highlights,nearby_attractions,research_confidence,research_notes
1,delta-residency,Delta Residency,Hotel Delta Residency Goa,3 Star,3,Calangute,"151/20, Gauro Vaddo, Beach Road, Near St. Anthony's Chapel, Calangute, Bardez, Goa 403516, India",2000,3000,,,,,,,,,Approx. 1-1.8 km from Calangute Beach (sources describe it as a 5-15 minute walk),39.8,,19.6,25,Standard Room | Superior Room,Outdoor swimming pool | Multi-cuisine restaurant | Bar | Free Wi-Fi | Parking | Air conditioning | Room service | Laundry | 24-hour front desk | Luggage storage | Disabled access,14:00 (one OTA lists 13:00),12:00 (one OTA lists 11:30),On-site multi-cuisine restaurant and bar,,+91 832 227 9226,,,6.8/10 (31 reviews) and 7.5/10 (24 reviews) on Kayak-aggregated OTA listings,"Hotel Delta Residency Goa is a compact 25-room hotel on Beach Road in Calangute's Gauro Vaddo, a short walk from Calangute Beach and the market area. Rooms are air-conditioned and split into Standard and Superior categories, and guests have access to an outdoor pool, a multi-cuisine restaurant and bar, and free Wi-Fi. It suits budget-conscious travellers who want a simple base close to North Goa's busiest beach strip.",Walking distance to Calangute Beach | Outdoor swimming pool | Multi-cuisine restaurant and bar on site | Free Wi-Fi and parking | Close to Calangute Market and St. Alex Church,St. Anthony's Chapel (approx. 140 m) | St. Alex Church (approx. 0.8 km) | Calangute Market (approx. 1.1 km) | Calangute Beach (approx. 1.8 km by road),medium,"Room count conflicts between sources: most OTA listings say 25 rooms (Standard/Superior); an events-venue listing (Cvent) says 40 rooms. Check-in/out times differ slightly across OTAs. No official website found; OTA pages could not be opened directly (proxy-blocked), so data comes from search summaries of those pages."
2,amara-casa-baga,Amara Casa Baga,Amara Casa Baga,3 Star,3,Baga,"40/7 Saunta Vaddo, Baga, Bardez, Goa 403509, India",3500,4200,,,,,,,,,About a 5-minute walk from Baga Beach,,,17,25,"Casa Special (approx. 237 sq ft, queen bed) | Casa Favourite (approx. 280 sq ft, queen bed) | Casa Star (approx. 323 sq ft, queen bed)",Outdoor swimming pool | Restaurant | Bar | Free breakfast | Free Wi-Fi | Free parking | Air conditioning | Laundry service,14:00,12:00,On-site restaurant and bar; breakfast included in most rates,,+91 70309 13923,,,6.0/10 Orbitz; 6.8/10 (110 ratings) HotelsCombined; 5.8/10 (18 ratings) Sembo,"Amara Casa Baga is a 25-room hotel in Saunta Vaddo, roughly five minutes on foot from Baga Beach and within about 2 km of Calangute Beach. Rooms come in three compact categories with queen beds and free Wi-Fi, and the property offers an outdoor pool, a restaurant and bar, and complimentary breakfast. Its location puts guests close to Baga's beach shacks, Tito's Lane and the Saturday night market circuit.",5-minute walk to Baga Beach | Outdoor pool | Breakfast included | Free Wi-Fi and parking | Close to Baga nightlife and Calangute,Baga Beach (approx. 5-minute walk) | Calangute Beach (within approx. 2 km) | Tito's Lane / Baga nightlife | Fort Aguada | Chapora Fort,medium,"OTAs classify it as 3.5-star; listed here as 3 per the agency's category. Dabolim distance conflicts between sources (50 km vs 21.3 km) so left null. The Amara Resorts group (amararesorts.in) runs several Baga properties (Amara Grand Baga, Amara Baga Villa, Amara Oceanfront) - do not confuse with those; this listing is the Saunta Vaddo property. amararesorts.in could not be opened to confirm ownership."
3,sinq-beach-resort-calangute,Sinq Beach Resort Calangute,SinQ Beach Resort,3 Star,3,Calangute,"Tivai Vaddo, Opposite Don Bosco Hostel, Calangute, Bardez, Goa 403516, India",3000,3700,,,,,,,,,Approx. 5-minute walk / 2-minute drive to Calangute Beach,40,,,66,"Classic Room | Deluxe Room (approx. 32 sq m, double or twin) | Deluxe Room with balcony",Outdoor swimming pool with kids' pool | Poolside bar and cabanas | Restaurant | Bar/lounge | Spa / massage | Health club | Free Wi-Fi | Free parking | Air conditioning | Room service | 24-hour front desk | Concierge | Luggage storage | Tour desk,13:00,10:00,Ingredients restaurant (breakfast buffet included; lunch and dinner) plus poolside bar,https://sinq.in/sinq-beach-resort-calangute,+91 832 227 6922,,,4/5 TripAdvisor (475 reviews); 7.6/10 Hotels.com,"SinQ Beach Resort is a 66-room property in Tivai Vaddo, Calangute, a few minutes' walk from Calangute Beach and about 40 km from Dabolim Airport. Rooms have balconies, flat-screen TVs and mini-fridges, and the resort centres on an outdoor pool deck with a kids' pool, cabanas and a poolside bar. Breakfast is served at the in-house restaurant Ingredients, and the resort is part of the SinQ hospitality group known for its Candolim nightlife venues.",Short walk to Calangute Beach | Pool deck with kids' pool and cabanas | In-house restaurant and poolside bar | Spa and massage services | Part of the SinQ hospitality group,Calangute Beach (approx. 5-minute walk) | Fort Aguada (approx. 6-minute drive) | Baga Beach | Candolim,high,Room count differs by source: Hotels.com says 66 rooms over 4 floors; trade directories say 47. OTAs rate it 3.5-star. Some guest reviews mention confusion over access to the sister SinQ Privee club facilities. Official website URL taken from a trade directory listing and not opened directly.
4,silver-shell-calangute,Silver Shell Calangute,Silver Shell Resort,3 Star,3,Calangute,"Plot 369 (also listed as H.No. 4/806), Porba Vaddo, Opposite Hard Rock Hotel, Behind KFC, Calangute, Bardez, Goa 403516, India",4700,5300,,,,,,,,,Approx. 1 km from Calangute Beach (5-minute drive); about 7 minutes' drive to Baga Beach,39.9,,18.8,41,Double Room (36 rooms) | Twin Room (5 rooms),Swimming pool | Poolside bar | Multi-cuisine restaurant | Free breakfast | Free Wi-Fi | Free parking | Air conditioning | Lift | Power backup | Room service | Laundry / dry cleaning | 24-hour front desk | Spa | Tour desk | Tea/coffee maker in rooms,12:00,11:00,Multi-cuisine restaurant with poolside bar; complimentary breakfast,,,,,,"Silver Shell Resort is a 41-room hotel in Porba Vaddo, central Calangute, roughly a kilometre from the beach and opposite the Hard Rock Hotel. It offers double and twin rooms with air conditioning and tea/coffee makers, along with a swimming pool, poolside bar, multi-cuisine restaurant and free breakfast. Free parking, a lift and power backup make it a practical mid-range choice for families and groups.",Swimming pool with poolside bar | Breakfast included | Central Calangute location near KFC and Hard Rock Hotel | Free Wi-Fi and parking | Lift and power backup,Calangute Beach (approx. 1 km) | Baga Beach (approx. 7-minute drive) | Calangute Market | Saligao,medium,"Property has been franchised under both OYO (Capital O 28820) and FabHotel Prime brands, so OTA names vary. Two slightly different house numbers appear for the same Porba Vaddo location. No direct hotel phone or official website found (only the OYO booking line). No reliable guest rating found."
5,goveia-grand,Goveia Grand,Goveia Grand Resort,3 Star,3,Candolim,"Near Aradi Sub Station, Lane opposite Cafe Coffee Day, Candolim, Bardez, Goa 403515, India",2500,3000,,,,,,,,,Approx. 2.6 km from Sinquerim Beach; Candolim Beach nearby,40,,,50,Deluxe Room with balcony | Family Room | Executive Suite,Outdoor swimming pool | Kids' pool | Restaurant | Bar | Free Wi-Fi | Free parking | Air conditioning | Room service | 24-hour front desk | Laundry | Luggage storage | Fitness centre | Spa / massage,13:30,10:00,"In-house restaurant (Aquira, per OTA listings) with poolside bar; continental breakfast",https://goveiaresort.com/,+91 93261 12995,,,6.0/10 (49 reviews) Kayak-aggregated for Goveia Holiday Resort,"Goveia Grand Resort sits in a lane off Candolim's main road near the Cafe Coffee Day junction, about 350 m from Candolim Market and roughly 40 km from Dabolim Airport. Rooms have balconies, air conditioning and satellite TV, and the resort offers an outdoor pool with a kids' pool, a restaurant and bar, and free parking. Fort Aguada and Candolim and Sinquerim beaches are a short drive away.",Outdoor pool with kids' pool | Balcony rooms | Close to Candolim Market and restaurants | Restaurant and bar on site | Short drive to Fort Aguada,Candolim Market (approx. 350 m) | Sinquerim Beach (approx. 2.6 km) | Fort Aguada (approx. 10-minute drive) | Candolim Beach,low,"Two very similarly named properties exist in the same lane in Candolim: 'Goveia Grand Resort' (approx. 50 rooms; phones +91 93261 12995 / +91 91585 84444 / +91 85509 91724) and 'Goveia Holiday Homes / Goveia Holiday Resort' (60-67 rooms; phone +91 77680 70202; also listed as OYO 1254 and GT Goveia Suites). They may be the same property under a rebrand or adjacent sister properties. Star rating varies by source (2 to 4 stars). Check-in/out, rating and restaurant name shown are from the Goveia Holiday Resort listings and may not apply to Goveia Grand. Official site goveiaresort.com could not be opened to confirm."
6,regalsand-by-welcome-goa,Regalsand By Welcome Goa,"Regal Sands Hotel - Calangute Goa, by Welcom2Goa",3 Star,3,Calangute,"Naikawaddo, near Calangute-Anjuna Road, near Dharwadkar Hospital, Dongorpur, Calangute, Goa 403516, India",2200,2800,,,,,,,,,Within approx. 10-minute drive of Calangute Beach and Candolim Beach,,,,80,,Swimming pool | Restaurant / dining | 24-hour front desk | Air conditioning,14:00 to 21:00,11:00,On-site dining; guests praise the food in reviews,,+91 80000 72224,4.2,591,3.4/5 (85 reviews) Trip.com/Ctrip,"Regal Sands Hotel is an 80-room property run by Welcom2Goa in Naikawaddo, on the Calangute-Anjuna road side of Calangute. It is within about a ten-minute drive of both Calangute and Candolim beaches and offers a swimming pool, on-site dining and a 24-hour front desk. Its size makes it a practical option for groups and tour series looking for a pool hotel between Calangute and Anjuna.",80 rooms - suited to groups | Swimming pool | On-site dining | Between Calangute and Anjuna | Google rating 4.2 from 591 reviews,"Calangute Beach (approx. 10-minute drive) | Candolim Beach (approx. 10-minute drive) | Anjuna Beach | Saturday Night Market, Arpora",medium,"No hotel named exactly 'Regalsand' exists online; the closest match is 'Regal Sands Hotel - Calangute Goa, by Welcom2Goa', which matches the 'By Welcome Goa' suffix. Trip.com appears to list the same property ID under the name 'The Mayfield Boutique Hotel', suggesting a possible rebrand. Room types and detailed amenity list not found; star rating not confirmed by any source. Welcom2Goa website could not be resolved."
7,shalom-indus-residency-candolim,Shalom Indus Residency Candolim,Shalom Indus Residency,3 Star,3,Candolim,"1, Bamon Vaddo, Candolim, Bardez, Goa 403515, India",2200,2800,,,,,,,,,Approx. 12-minute walk to Candolim Beach,,,,11,"Deluxe Room (approx. 180 sq ft, double bed) | Premium Room (approx. 200 sq ft, queen bed) | Family Room (approx. 220 sq ft, king bed)",Swimming pool | Restaurant | Bar | Free Wi-Fi | Air conditioning | 24-hour front desk | Daily housekeeping | Breakfast available | Front-desk safe | Non-smoking rooms,,,In-house restaurant and bar; many cafes within a 5-minute walk,,,,,6.0-6.8/10 Hotels.com (varies by regional site),"Shalom Indus Residency is a small 11-room guesthouse-style hotel in Bamon Vaddo, Candolim, about a 12-minute walk from Candolim Beach. Rooms are compact, air-conditioned and offered in Deluxe, Premium and Family categories, and the property has a pool, a restaurant and bar, and free Wi-Fi. It is a budget-friendly option for travellers who want to be near Candolim's cafes and a short drive from Fort Aguada.","Small, 11-room property | Swimming pool | 12-minute walk to Candolim Beach | Free Wi-Fi and air conditioning | Close to Candolim cafes and the All About Alcohol Museum",Candolim Beach (approx. 12-minute walk) | All About Alcohol Museum (approx. 6-minute walk) | Fort Aguada (approx. 8-minute drive) | Deltin Royale Casino (approx. 15-minute drive),medium,"Operates under the FabHotel franchise on OTAs. No phone number, official website, check-in times or Google rating found. Distance to beach is stated inconsistently (12-minute walk vs 15-minute drive) across OTA text."
8,aira-beach-resort-calangute,Aira Beach Resort Calangute,Aira Beach Resort,3 Star,3,Calangute,"H.No. E-1/218, Gauravaddo, Calangute, Bardez, Goa 403516, India",3500,4200,,,,,,,,,,,,,,"Deluxe Room (balcony/patio, garden or hill view) | Suite Room (with bathtub) | Penthouse Suite (private jacuzzi, partial sea view)","Swimming pool | Gym | Multi-cuisine air-conditioned restaurant | Gaming zone (pool table, foosball) | Conference hall | Free Wi-Fi | Air conditioning | Flat-screen TV | Soundproofed rooms",,,Fully air-conditioned multi-cuisine restaurant serving local and international dishes,https://www.airabeachresort.com/,+91 93199 56598,,,,"Aira Beach Resort is a newer property in Gauravaddo, central Calangute, positioned close to the beach, cafes and nightlife of North Goa. Accommodation ranges from Deluxe rooms with balconies to Suites with bathtubs and Penthouse Suites with private jacuzzis and partial sea views. Facilities include a large swimming pool, a gym, a games zone, a conference hall and an air-conditioned multi-cuisine restaurant.",Penthouse suites with private jacuzzi | Large swimming pool and gym | Air-conditioned multi-cuisine restaurant | Conference hall for events | Central Calangute location,Calangute Beach | Baga Beach | Calangute Market,low,"Only the official website was found; no OTA listing, review score, room count, star rating, check-in times or distance data could be located, and the site itself could not be opened directly (proxy-blocked), so details come from search snippets of it. Do not confuse with 'Aria Beach' in Vagator, a different property. The website lists the email as reservations@aira.com, which looks generic and should be verified."
9,victor-exotica,Victor Exotica,Victor Exotica Beach Resort,3 Star,3,Candolim,"Fort Aguada Road, Bammon Vaddo, Candolim, Bardez, Goa 403516, India",2800,3400,,,,,,,,,Approx. 500-800 m from Candolim Beach (about a 9-minute walk),45,,,78,Deluxe Room (sleeps 2) | One Bedroom Apartment (sleeps 4) | Duplex Apartment (sleeps 5),Outdoor swimming pool | Restaurant | Bar | Spa | Gym | Garden | Free Wi-Fi | Free parking | Air conditioning | Minibar | Private balconies | Table tennis and carrom | Water sports arrangements | 24-hour front desk,14:00 (early check-in from 13:00 subject to availability),12:00,"Mouraria restaurant - buffet breakfast, lunch and dinner",http://www.victorexoticagoa.com,+91 832 247 9515,,,10/10 Hotels.com (very few reviews); 4.3/6 on a European tour-operator site (70% good/very good),"Victor Exotica is a refurbished 78-room resort on Fort Aguada Road in Candolim, roughly 500-800 m from Candolim Beach. It offers Deluxe rooms plus one-bedroom and duplex apartments for families, all with balconies and minibars, set around an outdoor pool and garden. The Mouraria restaurant serves buffet meals, and guests can also use the spa, gym and indoor games, with water sports arranged nearby.",78 rooms including family apartments | Short walk to Candolim Beach | Outdoor pool and garden | Mouraria buffet restaurant and bar | Spa and gym on site,Candolim Beach (approx. 0.8 km) | Sinquerim Beach | Fort Aguada | Calangute Beach,medium,"OTAs now list the property as 'Victor Exotica an Indy Resort' (Expedia URL slug 'Indy Suites Candolim'), indicating a management change/rebrand. The hotel's own marketing describes it as four-star; OTAs list 3-star. The official domain victorexoticagoa.com did not resolve when tested and may be defunct. The 10/10 Hotels.com score is based on very few reviews and should not be quoted as representative."
10,baga-bliss,Baga Bliss,Baga Bliss by Celestiial Hospitality,3 Star,3,Calangute,"SY No. 194/7, Pocket 5-B, Ground Floor, Khobra Vaddo, Calangute, Bardez, Goa 403516, India",3200,4200,,,,,,,,,Approx. 13-15 minute walk to Baga Beach and 15 minutes to Calangute Beach,,,,21,Deluxe Double Room (approx. 180 sq ft) | Premium Double Room (approx. 200 sq ft),Outdoor swimming pool | Restaurant | Free Wi-Fi | Free parking | Air conditioning | Room service (limited hours) | 24-hour front desk | Daily housekeeping | Laundry / dry cleaning | Luggage storage | In-room safe | Electric kettle,14:00 (late check-in subject to availability),,On-site restaurant; several cafes and pizzerias within a 5-10 minute walk,,,,,6.0/10 Hotels.com / Expedia group,"Baga Bliss is a 21-room hotel in Khobra Vaddo, on the Calangute side of the Baga road, about a 15-minute walk from both Baga and Calangute beaches. Rooms were renovated in 2023 and come in Deluxe and Premium double categories with air conditioning, flat-screen TVs and kettles. The property has an outdoor pool, an on-site restaurant and free parking, and sits close to Tito's Lane and Casino Palms.",Renovated in 2023 | Outdoor pool | Walking distance to both Baga and Calangute beaches | Free Wi-Fi and parking | Near Tito's Lane nightlife,Baga Beach (approx. 13-minute walk) | Calangute Beach (approx. 15-minute walk) | Tito's Lane | Casino Palms,medium,"Property has changed operator/brand at least once (Skon ... by Orion Hotels, now Baga Bliss by Celestiial Hospitality). No phone number, official website, Google rating or check-out time found. Dabolim Airport is quoted only as a 62-minute drive, not in km."
11,regenta-place-mars,Regenta Place Mars,Regenta Place M.A.R.S. Candolim,3 Star,3,Candolim,"D, Ximer, H.No. 1168, Near Jamaleshwar Temple, Gauravaddo, Candolim, Bardez, Goa 403515, India",3500,4500,,,,,,,,,Approx. 1 km from Candolim Beach,,,,36,Standard Room (9) | Club Room (12) | Deluxe Room (12) | Family Room (3),"Rooftop infinity pool | Rooftop multi-cuisine restaurant | 24-hour in-room dining | Seasons Hall rooftop event space (approx. 1,120 sq ft) | Free Wi-Fi | Air conditioning | Balconies in all rooms | LCD TV | Mini-bar fridge",,,Limelight - rooftop open-air multi-cuisine restaurant with panoramic views; 24-hour in-room dining,https://www.royalorchidhotels.com/,+91 89561 22310,,,,"Regenta Place M.A.R.S. Candolim is a 36-room hotel opened in December 2025 by Royal Orchid Hotels under its value-focused Regenta Place brand, about 1 km from Candolim Beach and 2.7 km from Calangute Beach. Every room has a balcony, air conditioning, LCD TV and mini-bar fridge, across Standard, Club, Deluxe and Family categories. The rooftop hosts an infinity pool, the open-air Limelight multi-cuisine restaurant and the Seasons Hall for small events.",Newly opened (December 2025) Royal Orchid Hotels property | Rooftop infinity pool | Limelight rooftop restaurant with panoramic views | All rooms with balconies | 1 km from Candolim Beach,Candolim Beach (approx. 1 km) | Calangute Beach (approx. 2.7 km) | Baga Beach (approx. 4.6 km) | Fort Aguada | Jamaleshwar Temple (adjacent),high,"Opened December 2025 (press release dated 8 Dec 2025), so guest ratings are not yet established; a TripAdvisor listing exists but its score was not retrievable. Second phone from the press release: +91 89561 22314; GM email gm.rpmc@royalorchidhotels.com. Royal Orchid describes it as '3-star deluxe'. Do not confuse with Regenta Central Imperial Candolim or Regenta Central North Goa (Arpora), other Royal Orchid properties nearby."
12,sibaya-courtyard,Sibaya Courtyard,Sibaya Courtyard by Stone Wood Premier,4 Star,4,Baga,"H. No. 236/10 B, Khobra Vaddo, Baga, Bardez, North Goa 403515",4500,5500,,,,,,,,,Close to Baga Beach and Calangute Beach (walking distance to Tito's Lane area); exact metres not published,41,26,19,40,Deluxe Room with Balcony | Premium Room with Balcony | Pool View Room with Balcony,Outdoor swimming pool | Restaurant | Free breakfast (on select rates) | Free parking | Private balcony in every room | Air conditioning | Wi-Fi,2:00 PM,11:00 AM,One on-site restaurant (name not published),https://www.stonewoodresorts.com/sibaya-courtyard-premium-baga/,+91 80101 24124,,,,"Sibaya Courtyard by Stone Wood Premier is a newly opened 40-room courtyard hotel in Khobra Vaddo, Baga, part of the Goa-based Stone Wood Hotels & Resorts group. Every room has a private balcony, and the property offers a swimming pool, restaurant and free parking within easy reach of Baga Beach, Calangute Beach and the Tito's Lane nightlife strip.",Brand-new property opened in late 2026 | All 40 rooms have private balconies | Pool-view room category available | Walking distance to Baga nightlife and beach | Direct-booking discounts offered by the operator,"Baga Beach (close by) | Calangute Beach (close by) | Tito's Lane (close by) | Saturday Night Market, Arpora (approx. 3 km)",medium,"Very new property (press coverage dated Sept 2026), so no guest reviews or Google rating were found yet. Name appears as both 'Premier' and 'Premium' across sources. Do not confuse with Sibaya Beach Resort in Morjim (same operator) or Sibaya Lodge in South Africa. Airport/station distances are locality-level figures for Baga Beach, not hotel-measured. Star rating is from the Agoda listing; the official site could not be fetched to confirm amenities beyond pool, restaurant and parking."
13,calux-joia-do-mar-calangute,Calux Joia Do Mar Calangute,Calux Joia Do Mar Resort,4 Star,3,Calangute,"Porba Vaddo, Calangute-Arpora Road, Calangute, Bardez, Goa 403516",3500,4200,,,,,,,,,About 5 minutes by car from Baga Beach and Calangute Beach; 1.3 km from Calangute centre,40,29,17,40,Premium Room | Grand Room | Junior Suite,Outdoor swimming pool | Swim-up pool bar (Joy Bar) | 2 restaurants | Bar/lounge | Free Wi-Fi | Free parking | Air conditioning | Minibar | Balconies | 24-hour front desk | Laundry/dry cleaning | Tour/ticket assistance,2:00 PM,11:00 AM,"Two on-site restaurants (Indian, Chinese, vegetarian options) plus in-pool 'Joy Bar'",https://www.joiadomar.com,+91 98236 22244,,,3/5 Tripadvisor (304 reviews); 6.8/10 Expedia,"Calux Joia Do Mar Resort is a 40-room resort on the Calangute-Arpora Road in Porba Vaddo, a short drive from both Calangute and Baga beaches. The property is built around an outdoor pool with a swim-up bar and offers two restaurants, balcony rooms and free parking.",Swim-up pool bar | Two on-site restaurants | All rooms with balconies | 5-minute drive to Baga and Calangute beaches | Free parking and Wi-Fi,"Calangute Beach (approx. 5 min by car) | Baga Beach (approx. 5 min by car) | Candolim Beach (3.1 km) | Anjuna Beach (6.6 km) | Saturday Night Market, Arpora (nearby)",medium,"OTAs classify this as a 3-star property, not 4-star. Guest reviews are mixed (Tripadvisor 3/5). Airport and station distances are Calangute locality figures; one OTA quoted 20.3 km to Dabolim which appears to be straight-line. Official site could not be fetched to confirm room categories."
14,adamo-the-bellus,Adamo The Bellus,Adamo The Bellus Goa,4 Star,4,Calangute,"Naika Vaddo, Calangute, Bardez, Goa 403516",5200,6700,,,,,,,,,About 10 minutes' walk to Calangute Beach; 1.4 km to Baga Beach; 2.9 km to Candolim Beach,40,29,19,117,Regency Room | Deluxe Double or Twin Room | Suite with Bath Tub | Bellus Suite with Private Jacuzzi and Pool View,Outdoor swimming pool | Restaurant (Clove) | Bar/lounge | La Soin Spa | Fitness centre | Whirlpool | Banquet hall / conference facilities | Free Wi-Fi | Free parking | Air conditioning | Minibar | Private balconies | 24-hour room service | Wheelchair accessible,1:00 PM,11:30 AM,"Clove - multi-cuisine restaurant (Goan, North Indian, Continental) with bar and pool/garden views; 24-hour room service",https://www.adamohotels.com/adamothebellus-goa/,+91 832 227 5334,,,4/5 Tripadvisor (827 reviews); 7.3/10 Booking.com (84 reviews),"Adamo The Bellus Goa is a 4-star hotel in Naika Vaddo, Calangute, set in tropical gardens within walking distance of Calangute Beach and market. It offers over 100 rooms and suites, an outdoor pool, the Clove restaurant and bar, La Soin Spa, a gym and banquet facilities, making it suitable for both leisure stays and events.",10-minute walk to Calangute Beach | Clove restaurant and bar with pool views | La Soin Spa and fitness centre | Suites with private jacuzzi available | Banquet and conference facilities,Calangute Beach (approx. 10 min walk) | Calangute Market (approx. 10 min walk) | Baga Beach (1.4 km) | Candolim Beach (2.9 km) | Anjuna Beach (7.7 km),high,"Located in Calangute (Naika Vaddo), not Candolim. Room count varies by source: 117 (meeting-venue listings), 112 (Yatra) and 88 (Expedia); 117 used. Check-out time shown as 11:30 AM on Booking.com and 11:00 AM elsewhere. A toll-free number 1800-102-3266 is also listed."
15,bells-beach-resort,Bells Beach Resort,"Bells Beach Resort, A Unit of Resort De Balneaire",4 Star,4,Calangute,"Survey No. 193/3, Porba Vaddo, Calangute, Bardez, Goa 403516",3900,4900,,,,,,,,,About 14-15 minutes' walk to Baga Beach and Calangute Beach (approx. 1-1.5 km),41,29,19,61,"Standard Room (330 sq ft, king bed) | Deluxe Room (350 sq ft, king bed)",Outdoor swimming pool | Children's pool | Restaurant | Bar/lounge | Fitness centre | Garden and terrace | Complimentary manager's reception | Free Wi-Fi | Free parking | Air conditioning | Business centre / meeting rooms | 24-hour front desk | Laundry | Airport shuttle (on request),2:00 PM,11:00 AM,On-site restaurant serving Goan and multi-cuisine food by the poolside lounge; bar,https://bellsbeachresort.com/,+91 77097 55001,,,4/5 Tripadvisor (25 reviews); 7.8/10 Trip.com (85 reviews); 5.6/10 Expedia,"Bells Beach Resort, run by Resort De Balneaire, sits in Porba Vaddo between Calangute and Baga, roughly a 15-minute walk from either beach. The resort offers 61 air-conditioned rooms, an outdoor pool with a children's section, a restaurant and bar, a gym and a complimentary daily manager's reception.",Between Calangute and Baga beaches | Outdoor pool with kids' pool | Complimentary manager's reception | Free parking and Wi-Fi | Meeting rooms and business centre,"Baga Beach (approx. 14 min walk) | Calangute Beach (approx. 15 min walk) | Tito's Lane, Baga (nearby) | Saturday Night Market, Arpora (nearby)",medium,"Star rating conflicts: Expedia lists 3.5-star, Booking.com/ReadyToTrip list 4-star. Room count 61 (Expedia) vs 56 (Tripadvisor). Guest scores vary widely across platforms (5.6 to 7.8/10), with some reviews citing dated maintenance. Also trades as Resort De Balneaire (www.resortdebalneaire.com, additional phones 7709755003 / 0832-2950080). Mopa and Thivim distances are Calangute locality figures."
16,grandure-de-sachi,Grandure De Sachi,Grandeur De Sanchi - Luxury Beach Resort & Spa,4 Star,4,Calangute,"1/230-A, Holiday Street, Gaurawaddo, Calangute, Bardez, Goa 403516",4000,4800,,,,,,,,,Short walk to Calangute Beach (Holiday Street leads to the beach); free beach shuttle offered,40,29,17,70,Grandeur Deluxe Room | Grandeur Honeymoon Fantasy with Bathtub | Grandeur Premier with Bathtub and Balcony | Grandeur Family Room with Pool View | Grandeur Luxury with Couple Jacuzzi Bathtub | Grandeur Maharaja with Couple Jacuzzi Bathtub,Outdoor swimming pool | Poolside bar | 2 restaurants | 2 bars/lounges | La Bella Spa | Rooftop terrace | Free Wi-Fi | Free parking | Air conditioning | Free beach shuttle | Airport shuttle (surcharge) | Lift / wheelchair access | Concierge,1:00 PM,11:00 AM,Two on-site restaurants (Indian and Chinese cuisine; breakfast to dinner) plus poolside bar,https://www.grandeurdesanchi.com,+91 90110 00243,,,4/5 Tripadvisor (383 reviews); 8.9/10 Lastminute.com (336 reviews),"Grandeur De Sanchi is a 4-star boutique resort on Holiday Street in Gaurawaddo, a short walk from Calangute Beach. It offers themed rooms ranging from deluxe to jacuzzi suites, an outdoor pool with poolside bar, two restaurants, La Bella Spa, a rooftop terrace and a free beach shuttle.",Short walk to Calangute Beach on Holiday Street | Honeymoon and jacuzzi suite categories | Pool with poolside bar and rooftop terrace | La Bella Spa on site | Free beach shuttle and parking,Calangute Beach (short walk) | Candolim Beach (approx. 10 min drive) | Baga Beach (approx. 3 km) | Calangute Market (nearby),medium,"Name in brief is misspelled; correct spelling is 'Grandeur De Sanchi'. Room count conflicts: 70 (Expedia/Hotels.com) vs 48 (meeting-venue listings). Official domain grandeurdesanchi.com did not resolve during research, so the website may be offline. A separately listed 'Grandeur Sanchi Resort' on Expedia appears to be a duplicate listing with lower scores (6.6-7.6/10). Mopa and Thivim distances are Calangute locality figures."
17,verano-hotel-spa,Verano Hotel & Spa,Verano Hotel & Spa,4 Star,3,Arpora,"80/1, Calangute-Mapusa Road, Fuldem Waddo, Nagoa, Arpora, Bardez, Goa 403516",3500,4200,,,,,,,,,3.7 km from Baga Beach; Calangute Beach within 5 km,41,23,,59,Standard Double Room | Deluxe Double Room,Outdoor swimming pool (year-round) | Children's pool | Spa | Restaurant | Bar / pool bar | Sun terrace and garden | Children's play area | Free Wi-Fi | Free private parking | Air conditioning | Room service | 24-hour front desk | Airport shuttle | Buffet breakfast,2:00 PM,12:00 PM,Family-friendly restaurant serving Indian cuisine with buffet breakfast; pool bar with outdoor seating,https://veranohotelgoa.com/,,,,4/5 Tripadvisor (65 reviews); 8.8/10 Expedia,"Verano Hotel & Spa is a boutique lifestyle hotel on the Calangute-Mapusa Road in Nagoa, Arpora, set among tropical gardens a short drive from Baga and Calangute beaches. The 59-room property has a year-round outdoor pool with a kids' section, a spa, a restaurant and pool bar, a children's play area and free parking.",Garden setting with year-round outdoor pool | On-site spa | Family-friendly with kids' pool and play area | Close to Arpora Saturday Night Market and Baga nightlife | Free parking and airport shuttle,"Baga Beach (3.7 km) | Calangute Beach (within 5 km) | Mae De Deus Church, Saligao (2.2 km) | Chapora Fort (approx. 9 km) | Saturday Night Market, Arpora (nearby)",medium,"OTAs and a Tripadvisor review describe this as a 3-star hotel, not 4-star. No public phone number was found in search results and the official site could not be fetched. Hotel is relatively new (reviews from 2025 mention it as recently opened). Mopa distance (14 mi) is from the hotel's OTA listing; Dabolim distance quoted 40-41 km by Trip.com/Skyscanner. Thivim distance not published."
18,sairaj-beach-resort,Sairaj Beach Resort,Sairaj Beach Resort - Calangute Goa,4 Star,4,Calangute,"Survey No. 166/13, Naikawaddo, Near Poriat Football Ground, Calangute, Bardez, Goa 403516",3700,4400,,,,,,,,,Approx. 1 km from Calangute Beach; about 4 minutes' drive to Baga Beach,40,29,18,72,Standard Room | Deluxe Room | Family Room,"Outdoor swimming pool | Multi-cuisine restaurant (La Savour) | Coffee shop | Spa (massages, body treatments, facials) | Beauty parlour | Rooftop terrace | Garden | Free Wi-Fi | Parking | Air conditioning | Minibar | Flat-screen TV | 24-hour front desk",12:00 PM,11:00 AM,La Savour multi-cuisine family restaurant (open round the clock) plus coffee shop,https://sairajbeachresortgoa.com/,+91 832 295 5566,,,7.9/10 Booking.com,"Sairaj Beach Resort is a 72-room resort in Naikawaddo, Calangute, about a kilometre from Calangute Beach and a few minutes' drive from Baga. Its bright yellow buildings surround an outdoor pool, and the property offers the La Savour multi-cuisine restaurant, a coffee shop, spa and beauty parlour, and a rooftop terrace.","About 1 km from Calangute Beach | La Savour 24-hour multi-cuisine restaurant | Outdoor pool and rooftop terrace | On-site spa and beauty parlour | Family-friendly, value-oriented stay",Calangute Beach (approx. 1 km) | Baga Beach (approx. 4 min drive) | Calangute Market (nearby) | Anjuna Beach (approx. 20 min drive),medium,"Star rating conflicts: Hotels.com/Booking describe it as 4-star accommodation while Expedia lists 3.5-star. Room type names were not confirmed from the official site (could not be fetched); the three listed are generic categories seen on OTAs and should be verified. Additional reservation mobile numbers listed: 7620003252, 9822182817. Mopa distance is a Calangute locality figure."
19,sukhmantra-resort,Sukhmantra Resort,Sukhmantra Resort & Spa,4 Star,4,Candolim,"317/C, Baman Vaddo, Calangute-Fort Aguada Road, Candolim, Bardez, Goa 403515",3200,3900,,,,,,,,,Near Candolim Beach (walking distance); about 6 minutes' drive to Calangute Beach,37,30,22,60,Delight Room with Balcony | Comfort Room | Luxury Room | Family Suite with Two Balconies,Outdoor swimming pool | Children's pool | Pool bar | Sukhmantra Spa (Ayurvedic treatments) | Rooftop multi-cuisine restaurant and bar | Fitness centre | Rooftop terrace | Free beach shuttle | Conference facilities | Free Wi-Fi | Air conditioning | Refrigerator / LCD TV in rooms | 24-hour room service | Concierge,1:00 PM,11:00 AM,Rooftop multi-cuisine restaurant and bar (buffet and a la carte); pool bar,https://www.sukhmantra.com,+91 86000 40091,,,3.6/5 Tripadvisor (243 reviews); 7.2/10 Booking.com (15 reviews),"Sukhmantra Resort & Spa is a boutique resort in Baman Vaddo, Candolim, on the Calangute-Fort Aguada road a short walk from Candolim Beach. The 60-room property features an outdoor pool with pool bar, a rooftop multi-cuisine restaurant and bar, an Ayurvedic spa, a fitness centre and conference facilities, with a free shuttle to the beach.",Walking distance to Candolim Beach with free beach shuttle | Rooftop restaurant and bar | Ayurvedic spa on site | Pool with pool bar and kids' pool | Conference facilities for small events,Candolim Beach (walking distance) | Calangute Beach (approx. 6 min drive) | Fort Aguada (approx. 4 km) | Sinquerim Beach (approx. 3 km) | Baga Beach (approx. 10 min drive),medium,Room count conflicts: 60 (Expedia/Spalba) vs 46 or 43 (older tour-operator pages). Guest scores are mixed and vary widely (5.4 to 7.2/10 on OTAs; 3.6/5 Tripadvisor). Thivim distance quoted as 22 km (one source) and 18 km (another). Mopa distance is a Candolim locality figure. Official site could not be fetched.
20,vagator-downtown,Vagator Downtown,Vagator Downtown by VDP,4 Star,3.5,Vagator,"Plot No. 412/3A, Near Bharat Petrol Pump, Deul Wada, Anjuna-Vagator, Bardez, Goa 403509",3200,3900,,,,,,,,,Within 10 minutes' drive of Anjuna Beach; close to Vagator Beach,45,25,18,52,Executive Room | Deluxe King Room with Balcony | Club Double Room with City View | Luxury Room | Royal Room | Family Room | Suite with Bathtub,Rooftop swimming pool with swim-up bar | Rooftop terrace with sunset/valley views | Restaurant | 2 bars/lounges | Free parking | Air conditioning | Minibar and smart TV | Private balconies | Conference facilities | Beach shuttle | Airport shuttle | 24-hour front desk | Luggage storage | Taxi booking,1:30 PM,11:00 AM,"Rooftop pool restaurant and bar serving Indian, Chinese, seafood, pizza and local cuisine",https://www.vagatordowntown.com,+91 79977 19009,,,7.8/10 Trip.com (84 reviews); 7.0/10 Booking.com (13 reviews),"Vagator Downtown by VDP is a hotel opened in 2022 on the main Anjuna-Vagator road near the Bharat petrol pump, within a short drive of Anjuna and Vagator beaches. Its rooftop pool with swim-up bar and valley views is the centrepiece, supported by a rooftop restaurant, two bars, balcony rooms, free parking and shuttle services.",Rooftop pool with swim-up bar and sunset views | Closest of the group to Mopa airport (approx. 25 km) | Seven room categories including bathtub suite | Near Anjuna and Vagator beaches and nightlife | Free parking plus beach and airport shuttles,"Anjuna Beach (approx. 10 min drive) | Vagator Beach (nearby) | Chapora Fort (nearby) | St. Michael's Church, Anjuna (approx. 10 min drive) | Baga Beach (5.9 km) | Calangute Beach (7.4 km)",medium,Expedia lists it as 3.5-star; some aggregators show 4-star. Room count 52 (Expedia) vs 48 (PlanetOfHotels). Address is given in several variants (some include 'Bliss Samudra' and survey no. 187/14); the hotel sits on the Anjuna-Vagator boundary and one aggregator files it under Assagao. Dabolim distance is a Vagator locality figure; Thivim distance (11 mi) from Booking.com listing. Official site could not be fetched.
21,casa-pearl,Casa Pearl,Casa Pearl by WS,4 Star,4,Calangute,"H.No. 4/42 C, Plot Sy. No. 363/19, Porba Waddo, Calangute, Bardez, Goa 403516",3200,3900,,,,,,,,,1.6 km from Calangute Beach (1.6 km from Baga Beach),36.5,,16.6,32,Super Deluxe Room,Swimming pool | Restaurant | Banquet hall | Free WiFi | Air conditioning | Elevator | 24-hour front desk | Room service | Laundry / dry cleaning | Power backup | CCTV | Concierge desk | Luggage storage | First-aid,2:00 PM,11:00 AM,In-house multi-cuisine restaurant (name not published on OTAs),,,,,,"Casa Pearl by WS is a 32-room, 4-star hotel in Porba Waddo, Calangute, about 1.6 km from both Calangute and Baga beaches. All rooms are in the Super Deluxe category, and the property has a swimming pool, a restaurant and a banquet hall, with an elevator and 24-hour front desk.","32 Super Deluxe rooms | Swimming pool and banquet hall | 1.6 km to Calangute and Baga beaches | Central Calangute location near the market | Check-in 2 PM, check-out 11 AM",Calangute Beach - 1.6 km | Baga Beach - 1.6 km | Candolim Beach - 3.3 km | Anjuna Beach - 6.7 km | Dabolim Airport - 36.5 km | Thivim Railway Station - 16.6 km,medium,"No hotel named exactly 'Casa Pearl' was found; the closest and most likely match is 'Casa Pearl by WS' in Calangute (4-star on MakeMyTrip/EaseMyTrip). Other 'Pearl' properties in North Goa (Le Pearl Goa Resort & Spa in Anjuna/Vagator, Verda Le Pearl in Candolim, Candolim Pearl villa) are different hotels. No official website, phone or Google rating could be verified; OTA pages could not be opened directly because of network restrictions in this session."
22,sinq-symbol-calangute,"Sinq Symbol, Calangute",SinQ Symbol,4 Star,4,Calangute,"Sy. No. 184/1, Naika Vaddo (Naika Waddo), Calangute, Bardez, Goa 403516",3600,4400,,,,,,,,,0.8 km from Calangute Beach (about 9 minutes' walk),,,,104,Classic Double Room | Deluxe Double Room | Elite Room | Signature Suite | Royal Suite,Rooftop infinity pool | 3 restaurants | Bar / lounge | Free buffet breakfast | Free WiFi | Air conditioning | In-room safe | 24-hour front desk | Housekeeping | Balcony rooms with city view,3:00 PM,,Three on-site restaurants plus a bar/lounge,https://sinq.in/sinq-symbol-calangute/,+91 98810 98030 (toll-free 1800 212 3578),,,9.0/10 Hotels.com; 8.6/10 Trip.com,"SinQ Symbol is a 104-room hotel in Naika Vaddo, Calangute, about 800 m from Calangute Beach and a short walk from Calangute Market. It offers a rooftop infinity pool, three restaurants and a bar, with room categories ranging from Classic Doubles to Signature and Royal Suites.",104 rooms across five categories including suites | Rooftop infinity pool | Three restaurants and a bar on site | About 800 m to Calangute Beach | Free buffet breakfast and WiFi,Calangute Beach - 0.8 km | Calangute Market - 5 min walk | Poriat Football Ground - 0.2 km | Baga Beach - 10 min drive | Tito's Lane - 5 min drive,high,"SinQ's official domain is sinq.in (not sinqhotels.com, which does not resolve). The official page title markets SinQ Symbol as a 4-star hotel, while Expedia/Hotels.com classify it as 3-star. Check-in 3 PM comes from a search summary of the official page; check-out time not confirmed. Do not confuse with SinQ Signature, SinQ Beach Resort or SinQ Edge, which are separate SinQ properties in Calangute/Panaji."
23,sinq-party-hotel-candolim,"Sinq Party Hotel, Candolim",SinQ Party Hotel,4 Star,3,Candolim,"Opposite Taj Holiday Village, Sinquerim, Candolim, Bardez, Goa 403515",3300,4200,,,,,,,,,About 6 minutes' walk from Candolim Beach; 9 minutes' walk from Sinquerim Beach,39,,23.3,32,Air-conditioned rooms with minibar and safe (pool-facing rooms available),"Outdoor pool with cabanas and sun loungers | In-house nightclub | 2 bars / lounges | Restaurant (breakfast, lunch, dinner) | Garden | Free parking | Airport shuttle | Free WiFi | Air conditioning | Minibar | In-room safe | Pool table",2:00 PM,12:00 PM,"On-site restaurant serving breakfast, lunch and dinner; two bars and the SinQ nightclub",https://sinq.in/,+91 832 247 9444,,,8.0/10 Expedia; 7.0/10 Booking.com; 3.7/5 Tripadvisor (213 reviews),"SinQ Party Hotel is a 32-room hotel opposite Taj Holiday Village in Sinquerim, Candolim, a few minutes' walk from Candolim and Sinquerim beaches. Marketed as India's first party hotel, it has an outdoor pool with cabanas, two bars, a restaurant and an on-site nightclub.",On-site nightclub and two bars | Outdoor pool with cabanas | 6-minute walk to Candolim Beach | Close to Fort Aguada | Free parking and airport shuttle,Candolim Beach - 6 min walk | Sinquerim Beach - 9 min walk | Fort Aguada | Calangute Beach | Thivim Railway Station - about 23 km | Dabolim Airport - about 39 km,high,"OTAs classify this as a 3-star (Expedia 3.5-star) property, not 4-star. The hotel enforces a 'no male stag groups' policy, which should be stated on any listing. Phone number is from PlanetofHotels and should be re-verified before publishing. Dabolim distance varies by source (37-39 km road)."
24,sinq-prive-candolim,"Sinq Prive, Candolim",SinQ Privé,4 Star,4,Candolim,"Opposite Taj Holiday Village, Aguada Road, Sinquerim, Candolim, Goa 403515",4150,5150,,,,,,,,,About 6 minutes' walk from Candolim Beach; 10 minutes' walk from Sinquerim Beach,37.2,31.8,,41,Classic Room | Deluxe Room | Luxury Room | Executive Suite,Rooftop infinity pool | Rooftop jacuzzis | Pool bar | Restaurant | Hookah bar / lounge | Gym | Rooftop terrace | Library | Elevator | Free parking | Free WiFi | Air conditioning | 24-hour front desk | Bathrobes and slippers,1:00 PM to 7:00 PM,9:00 AM to 11:00 AM,Soi restaurant (Goan cuisine) plus rooftop pool bar and hookah lounge,https://sinq.in/our-hotels/sinq-prive/,,,,9.2/10 Booking.com; 7.8/10 Trip.com (107 reviews); 3.7/5 Tripadvisor (32 reviews),"SinQ Privé is a 4-star boutique hotel on Aguada Road in Sinquerim, Candolim, a short walk from Candolim Beach and about 1.5 km from Fort Aguada. Its signature feature is a rooftop infinity pool with jacuzzis and a bar, complemented by the Soi restaurant, a gym and individually furnished rooms and suites.","Rooftop infinity pool with jacuzzis and bar | Walking distance to Candolim and Sinquerim beaches | 1.5 km from Fort Aguada | Rooms and an Executive Suite category | Gym, library and free parking",Candolim Beach - 6 min walk | Sinquerim Beach - 10 min walk | Aguada Lighthouse - 1.4 km | Fort Aguada - 1.5 km | Calangute Beach - 4.7 km | Mopa Airport - about 32 km | Dabolim Airport - about 37 km,high,"Room count differs by source: Expedia/Hotels.com list 41 accommodations, the official sinq.in page says 39 rooms and suites. The official page title markets it as a 5-star 'luxury' hotel, while Expedia lists 4-star. Hotels.com shows a 9.8/10 score but Tripadvisor is 3.7/5, so ratings diverge widely. No direct hotel phone was found (only Orbitz call-centre numbers, which were excluded)."
25,sinq-anvaya-assonora-bicholim,"Sinq Anvaya, Assonora Bicholim",SinQ Anvaya,4 Star,,Assonora,"Near Club Mahindra, Advalpal, Assonora, Bicholim, Goa 403503",6400,8400,,,,,,,,,,,,,10,Lake-facing cottage with private plunge pool and deck,Outdoor swimming pool | Private plunge pools in cottages | Restaurant | Bar / lounge | Free breakfast | Free WiFi | Free parking | Free bicycle rental | Garden | 24-hour front desk | Room service | Air conditioning | Flat-screen TV | Electric kettle | In-room safe | Private balcony / deck,,,On-site restaurant and bar/lounge,https://sinq.in/our-hotels/sinq-anvaya/,,4.6,104,5/5 Tripadvisor (very few reviews),"SinQ Anvaya is a small nature retreat of ten lake-facing thatched-roof cottages in Advalpal, Assonora, in the Bicholim hinterland of North Goa. Each cottage has a private plunge pool and deck, and the property offers a shared outdoor pool, restaurant, bar and complimentary bicycles, with Mayem Lake about a 15-minute drive away.","Only 10 cottages, each with private plunge pool | Lake and hill views away from the beach crowds | Restaurant, bar and shared outdoor pool | Free bicycles and free breakfast | Google rating 4.6 (104 reviews)",Mayem Lake - about 8.4 km (15 min drive) | Shree Devi Kelbai Temple - 15 min drive | Club Mahindra Assonora - adjacent,medium,"Not a 4-star hotel in the usual sense: Expedia/Hotels.com classify it as 2.5-star and Tripadvisor lists it as a B&B/inn; the brand markets it as a 'luxury nature resort'. It is inland (Bicholim taluka), not near a beach. Check-in/out times, phone, and airport/station distances were not verified. Google rating (4.6, 104 reviews) came from a search snippet of the Google Hotels listing and should be refreshed."
26,silver-shell-grand,Silver Shell Grand,Silver Shell Grand,4 Star,3,Calangute,"Plot 369 / H.No. 4/80, Porba Vaddo, Opposite Hard Rock Hotel, Behind KFC, Calangute, Bardez, Goa 403516",4200,4900,,,,,,,,,About 1 km from Calangute Beach,,,,41,Classic Room (220 sq ft) | Superior Room (250 sq ft) | Premium Room (300 sq ft) | Family Room (500 sq ft),Swimming pool | Pool-side bar | Multi-cuisine restaurant | Shisha bar / cocktail lounge | Sun deck | Free breakfast | Free WiFi | Free parking | Lift | Power backup | Laundry service | Room service | Doctor on call | Air conditioning | Minibar (chargeable) | Tea/coffee maker,12:00 PM,11:00 AM,Multi-cuisine restaurant with pool-side bar and shisha lounge,,,,,"4.2/5 Justdial (2,563 ratings); 3.8/5 MakeMyTrip (141 ratings); 3/5 Tripadvisor (29 reviews)","Silver Shell Resort is a 41-room property in Porba Vaddo, central Calangute, opposite the Hard Rock Hotel and about 1 km from Calangute Beach and 200 m from Calangute Market. Opened in 2018, it is known for a large swimming pool with a pool-side bar, a multi-cuisine restaurant and four room categories from Classic to Family rooms.","41 rooms in four categories including 500 sq ft Family Rooms | Large swimming pool with pool-side bar | Central Calangute, 200 m from the market | About 1 km to Calangute Beach | Free breakfast, WiFi and parking",Calangute Market - 200 m | Calangute Beach - 1 km | Candolim Beach - 2.8 km | Saturday Night Market (Arpora) - 2.5 km | Fort Aguada - 6 km | Anjuna Beach - 7.9 km,low,"No property named 'Silver Shell Grand' was found on any OTA, Google or social listing. The only Calangute property with this name is 'Silver Shell Resort' / 'Hotel Silver Shell' in Porba Vaddo (opened 2018), which markets itself as 4-star but is classified 3-star by OTAs. It also appears under aggregator brands 'Capital O 28820 Silver Shell Resort' (OYO) and 'FabHotel Prime Silver Shell'. 'Silver Shell Grand' may be a rebrand, a new wing, or a different property; verify with the supplier before publishing. Address appears as Plot 369 on some listings and H.No. 4/80 on others. Phone, website and Google rating not verified."
27,holitel-anjuna,Holitel Anjuna,Holitel Anjuna Goa,4 Star,4,Anjuna,"511/3, Anjuna, Bardez, North Goa 403509",4000,5000,,,,,,,,,About 10 minutes' drive from Anjuna Beach; 3.7 km from Baga Beach,,27.2,13.7,42,Rooms | Suites (bohemian-inspired) | Suites with private plunge pool | Family suite,Outdoor pool with sun loungers | Rooftop terrace | Pool bar | Spa with massage rooms | Restaurant | Breakfast buffet | Free high-speed WiFi (25+ Mbps) | Free parking | 24-hour front desk | Air conditioning | Minibar | LED TV | Private plunge pools in select suites,2:00 PM,,"Restaurant serving Goan, Indian and international cuisine; pool bar",https://holitelhotels.com/holitel-anjuna/,+91 832 6620600 / 01 (reservations +91 89565 48432),,,"4.8/5 Tripadvisor (130 reviews, 2026 Travellers' Choice); 9.0/10 Expedia","Holitel Anjuna Goa is a 42-room contemporary hotel opened in February 2024 in the Arpora-Anjuna belt, about a 10-minute drive from Anjuna Beach and 3.7 km from Baga. It features bohemian-inspired suites, some with private plunge pools, an outdoor pool with pool bar, a rooftop terrace, a spa and a restaurant serving Goan, Indian and international dishes.","Opened 2024, 42 rooms and suites | Suites with private plunge pools | Outdoor pool, pool bar and rooftop terrace | On-site spa with massage rooms | Tripadvisor 4.8/5 and Travellers' Choice 2026",Anjuna Beach - 10 min drive | Baga Beach - 3.7 km | Calangute Beach - 5.3 km | Thivim Railway Station - 13.7 km | Mopa Airport - 27.2 km,high,Expedia classifies it as 3.5-star; the brand positions it as luxury. Official site gives PIN 403509 while Expedia shows 403516. Dabolim distance conflicted across sources (28 km vs ~43 km road) so it is left null. Phone numbers are the Holitel group numbers listed on holitelhotels.com and may serve both properties.
28,holitel-calangute,Holitel Calangute,Holitel Calangute,4 Star,,Calangute,"153/1, Calangute, Bardez, North Goa 403516",4900,5900,,,,,,,,,,,,,,,Two banquet venues (200+ guests each) | Premium accommodation | Rooftop pool and bar (brand-level claim) | Restaurant (brand-level claim) | Free WiFi (brand-level claim) | Free parking (brand-level claim),,,,https://holitelhotels.com/,"+91 832 6620600 / 01 (reservations +91 89565 48432, front desk +91 89565 48431)",,,,"Holitel Calangute is the second property of Holitel Hotels, a Goa brand launched in 2024, located in the Calangute-Baga belt of North Goa. It is positioned for group travel and events, with premium rooms and two banquet venues that can each host more than 200 guests for weddings and corporate gatherings.",Two banquet halls for 200+ guests each | Calangute-Baga location | Part of the Holitel Goa brand (est. 2024) | Group and event-focused hospitality,Calangute Beach | Baga Beach,low,"Only the brand's own website mentions Holitel Calangute; no OTA listing (MakeMyTrip, Booking, Expedia, Tripadvisor) or Google listing was found, so it may be newly opened or not yet distributed online. Room count, room types, star rating, check-in/out, dining and distances could not be verified. Amenities marked 'brand-level claim' are from the Holitel group description and may describe Holitel Anjuna rather than this property. Phone numbers are the group's numbers from holitelhotels.com."
29,simshines-candolim,Simshines Candolim,"Simshines Hotels, Villas, Suites & Spa",4 Star,4,Candolim,"H.No. 615/A/2, Sequeira Vaddo, Candolim, Bardez, Goa 403515",4500,5500,,,,,,,,,About 800 m from Candolim Beach,,,,,"Casa Bella - Superior Room (25 sq m, king bed) | Casa Vista - Premium Room (49 sq m, king bed) | Casa Amor - One Bedroom Suite (56 sq m, king bed) | Private pool villas (including 4-bedroom luxury villas)","Swimming pool (adults and children) | Spa | Gym / fitness centre | Restaurant | Free breakfast | Free WiFi | Free parking | Airport shuttle | Laundry | Balconies in rooms and suites | Villas with rooftop barbecue, in-room jacuzzi and private basement lounge | Pets allowed on request",2:00 PM,11:00 AM,On-site restaurant with buffet breakfast,https://simshineshotels.com/,+91 89564 53900,,,"3.7/5 MakeMyTrip (1,554 ratings); 4.8/5 EaseMyTrip (112 reviews); 8.5/10 Priceline (10 reviews)","Simshines Hotels, Villas, Suites & Spa is a resort in Sequeira Vaddo, Candolim, about 800 m from Candolim Beach. It combines hotel rooms and one-bedroom suites with balconies and private pool villas featuring rooftop barbecue decks and in-room jacuzzis, supported by a spa, gym, swimming pools and an on-site restaurant.","800 m from Candolim Beach | Rooms, suites and private pool villas on one property | Spa, gym and separate adult and children's pools | Villas with rooftop barbecue and in-room jacuzzi | Free breakfast, WiFi and parking",Candolim Beach - 800 m | Fort Aguada | Calangute Beach | Dabolim Airport - about 41 km (Candolim average) | Thivim Railway Station - about 17 km (Candolim average),medium,"Priceline and MakeMyTrip list the property as 5-star, not 4-star. The EaseMyTrip URL slug ('the-tanisi-resorts-and-pool-villas') suggests the property was previously marketed as 'The Tanisi Resorts and Pool Villas'. Total room/villa count not published. Airport and station distances are generic Candolim figures, not hotel-specific, and are therefore left null in the numeric fields. The property does not accept bachelor/bachelorette parties. Google rating not verified."
30,la-cabana-beach-spa,La Cabana Beach & Spa,La Cabana Beach & Spa,Beach Hotel,,Ashvem,"House No. 224, Ashvem Beach, Ashvem Wada, Mandrem, Goa 403527",8500,10500,,,,,,,,,"Beachfront, direct access to Ashvem (Ashwem) Beach",57.2,,21.9,78,Wooden Cottage | Premium Wooden AC Cottage | Beach Facing Chalet | Garden Facing Villa | Beach Facing Villa | Presidential Suite,"Outdoor swimming pool | Full-service spa (Ayurvedic, deep-tissue, aromatherapy treatments) | Beachfront restaurant | Bar/lounge | Private beach area with cabanas and sun loungers | Free Wi-Fi | Free private parking | Air-conditioned rooms with minibar and LCD TV | 24-hour front desk | Laundry / dry cleaning | Table tennis room | Car/limo transfer service",,,Beachfront sea-view fine-dining restaurant and bar on Ashwem Beach,https://www.lacabana.in/,+91 83089 61900 / +91 98228 35550,,,9.4/10 Trip.com (41 reviews),"La Cabana Beach & Spa sits directly on Ashwem Beach in Mandrem, North Goa, with the Arabian Sea at its doorstep. The resort offers wooden cottages, beach-facing chalets and villas set around an outdoor pool, together with an Ayurvedic spa and a beachfront restaurant. Its quiet stretch of coast is a short drive from Morjim and Arambol beaches.","Direct access to Ashwem Beach with private cabanas and sun loungers | Spa offering Ayurvedic and deep-tissue treatments | Choice of wooden cottages, chalets and beach-facing villas | Beachfront restaurant with sea views | Outdoor pool in a tropical garden setting",Mandrem Beach (within 2 km) | Morjim Beach (approx. 15-minute drive) | Arambol Beach (approx. 15-minute drive) | Thivim Railway Station (21.9 km) | Dabolim Airport (57.2 km),medium,"Room count conflicts: OTAs (Expedia/Trip.com) list 30 rooms while the official site lacabana.in states 78 rooms; official figure used. Pin code appears as both 403527 (official site, Mandrem) and 403512 on OTAs. No star rating is published officially; one aggregator shows it as 4-star but this was not verified. A secondary OTA score of 7.4/10 (27 ratings) and a TripAdvisor-style 4.6/5 (1,525 reviews) appeared in search summaries but could not be opened. Check-in/out times not found. Official site and OTA pages could not be fetched directly (network blocked), so details come from search-result summaries."
31,sibaya-beach-resort-by-stonewood,Sibaya Beach Resort By Stonewood,Sibaya Beach Resort by Stone Wood,Beach Hotel,,Morjim,"182/1, Gawdewada, Morjim Beach, Morjim, Pernem, Goa 403512",5200,7200,,,,,,,,,On Morjim (Turtle) Beach with beach access; Ashvem Beach approx. 3-minute walk,56.9,,21.6,42,"Tropical Cottage (Non-Sea View Wing, 220 sq ft) | Premium Cottage (269 sq ft) | Pool View Room | Garden Suite (480 sq ft)","Swimming pool | In-house restaurant | Wooden Deck dining | Saz on the Beach / Club Saz beach club with DJ | Ayurvedic spa | Beach access | Air-conditioned rooms with 42-inch LED TV, minibar and safe | Free Wi-Fi | Free parking | 24-hour front desk | Room service | Laundry facilities | Concierge and luggage storage",2:00 PM,11:00 AM,In-house restaurant and Wooden Deck serving Goan and international cuisine; Saz on the Beach (Club Saz) sunset bar with DJs,https://www.stonewoodresorts.com/sibaya-beach-resort-morjim/,+91 91120 01581 (front office); +91 80101 24124 (central reservations),,,,"Sibaya Beach Resort by Stone Wood is set on the quiet sands of Morjim Beach, the turtle-nesting stretch of North Goa's coast. Its 42 cottages and suites surround a swimming pool, with an in-house restaurant, an Ayurvedic spa and the Saz on the Beach sunset club. The resort suits travellers who want a calm beach base within easy reach of Ashvem, Mandrem and the busier Baga and Anjuna scene.",Beachside setting on tranquil Morjim (Turtle) Beach | Saz on the Beach sunset club with cocktails and DJs | Ayurvedic spa treatments on site | Cottages and garden suites with pool or garden views | Goan and international dining at the in-house restaurant,Ashvem Beach (approx. 3-minute walk) | Morjai Temple (approx. 4-minute drive) | Arambol Beach (approx. 8.4 km) | Baga Beach (approx. 17.7 km) | Thivim Railway Station (21.6 km) | Dabolim Airport (56.9 km),medium,"Expedia/Travelocity list this property under the host name 'Mr. Kamal Sewalia' (professional host) with the same address. One aggregator shows an average rating of 3.4/5 but the platform could not be verified, so no OTA rating is recorded. No star classification found. Mopa airport distance not found for this property (a sister Stone Wood property is listed at 26.4 km). Official and OTA pages could not be fetched directly; facts come from search-result summaries of those pages."
32,dallas-beach-resort-morjim,Dallas Beach Resort Morjim,Dallas Beach Resort,Beach Hotel,3.5,Morjim,"Survey No. 211-2A, Ashvem Beach Road, Morjim, Goa 403527",5200,6700,,,,,,,,,Beachfront on Ashvem (Ashwem) Beach; Morjim Beach approx. 3-minute walk,,,,86,Deluxe Room | Sea-view Cottage | Private Villa | Rooms with private pool,"Outdoor swimming pool | Indoor swimming pool | Two restaurants | Poolside bar and bar/lounge | Spa | Garden | Beachfront banquet facilities | Free self parking | Free Wi-Fi | Air-conditioned rooms with flat-screen TV, kettle and private balcony | Daily housekeeping",2:00 PM,11:00 AM,"Two restaurants including Hurry Curry World (Halal, open for breakfast, lunch and dinner); coastal dining and poolside bar",http://www.dallasbeachresort.com/,+91 77699 88093,,,7.8/10 Expedia/Hotels.com (also shown as 8.0/10 'Very good' on Hotels.com),"Dallas Beach Resort stands on Ashwem Beach at the Morjim end of North Goa's quiet northern coast, with sea views, palms and direct access to the sand. The resort offers deluxe rooms, sea-view cottages and private villas alongside indoor and outdoor pools, a spa and two restaurants. It is a practical base for exploring Morjim, Ashvem, Mandrem and Arambol.",Beachfront location on Ashwem Beach with Morjim Beach a short walk away | Both indoor and outdoor swimming pools | Two on-site restaurants including Halal-friendly Hurry Curry World | Sea-view cottages and private villas | Spa and beachfront banquet facilities,Morjim Beach (approx. 3-minute walk) | Ashvem Beach (on site / within 10-minute walk) | Baga Beach (approx. 17.4 km) | Calangute Beach (approx. 17.7 km),medium,"Room count conflicts: Expedia/Hotels.com list 86 rooms; another aggregator lists 76. Star rating 3.5 is Expedia's own classification, not an official Indian star grade. Address variants: 'Asvem Beach Road, 211-2A, Morjim, Goa 403527' (Expedia) vs 'Sy No. 211-2A, Ground Floor, Ashvem Beach Road, Mandrem, Morjim, Goa 403512' (Google/Justdial). A search summary showed an aggregator score of 9.1/10 from 1,076 reviews, but the platform could not be verified so it is not recorded as a Google rating. Airport/station distances not found. Pages could not be fetched directly; data from search-result summaries."
33,aralia-beach-resort-morjim,Aralia Beach Resort Morjim,Aralea Beach Resort by Stone Wood Premier,Beach Hotel,3,Morjim,"Survey No. 241/3, New Wada, Morjim, Pernem, Goa 403512",5700,6500,,,,,,,,,"Steps from Ashvem Beach (approx. 0.1 km, 1-minute walk); resort's own 'Here & Now' beach shack opens onto the sand",,,,69,"Standard Room (185 sq ft, 52 rooms) | Lawn View Room (182 sq ft, 10 rooms) | Pool View Room (182 sq ft, 3 rooms) | Pool-facing Cottage",Outdoor swimming pool (7:00 am to 7:00 pm) | In-house multi-cuisine restaurant and bar | 'Here & Now' private beach shack | Banquet hall / wedding venue | Doctor on call | Air-conditioned rooms with flat-screen/smart TV | Free high-speed Wi-Fi | Private balconies in many rooms | Electric kettle | Daily housekeeping,,,"In-house multi-cuisine restaurant and bar; 'Here & Now' beach shack on Ashvem Beach, open daily",https://www.stonewoodresorts.com/aralea-beach-resort-morjim,+91 91120 07594 (hotel); +91 80101 24124 (central reservations),,,"8.3/10 Booking.com (169 reviews); 4/5 TripAdvisor (233 reviews, ranked #1 of 69 B&Bs/inns in Morjim)","Aralea Beach Resort by Stone Wood Premier is a garden-style resort a minute's walk from Ashvem Beach on the Morjim coast. Its 69 rooms and cottages look onto lawns or the outdoor pool, and the resort runs its own 'Here & Now' beach shack directly on the sand. With a banquet hall and multi-cuisine restaurant, it is popular for beach weddings as well as leisure stays.",One-minute walk to Ashvem Beach with a private beach shack | Ranked #1 of 69 B&Bs/inns in Morjim on TripAdvisor | Outdoor pool with pool-view rooms and cottages | Multi-cuisine restaurant and bar on site | Banquet hall for weddings and events,Ashvem Beach (0.1 km) | Morjai Temple (approx. 4-minute drive) | Morjim Beach (approx. 4.5 km) | Arambol Beach (approx. 7.6 km) | Anjuna Beach (approx. 15.6 km) | Baga Beach (approx. 18.2 km),high,"Spelled 'Aralea' (not 'Aralia') by the brand. Address variants: official site gives 'Survey No. 241/3, New Wada, Morjim, Pernem 403512'; Booking.com gives 'Survey No 214/3, Village Asuvem, Mandrem Road, Pernem 403519'; Trip.com gives 'Plot No. 89, New Wada, Matriz Predial, Morjim'. Star rating of 3 comes from an OTA aggregator description, not an official grade. One source quoted roughly 40 km to Dabolim and 20 km to Mopa, but this looked approximate so distances are left null. Room count: official 69, Hotels.com 70. Check-in/out not found. ixigo shows 8.6/10 from 461 reviews. Pages could not be fetched directly; data from search-result summaries."
34,amara-oceanfront,Amara Oceanfront,"Amara Oceanfront Resort & Club, Baga",Beach Hotel,4,Baga,"245/8, Tito's Lane 2, Baga, Goa 403516",5000,6000,,,,,,,,,On Baga Beach (approx. 80 m); private beach area,42,,19.2,28,"Amara Premium Room (280 sq ft) | Amara Suite (450 sq ft, separate living room, partial ocean view) | Amara Family Suite (450 sq ft) | Amara Honeymoon Suite",Indoor swimming pool | Multi-cuisine restaurant with ocean views | Bar | Nightclub | BBQ facilities | Private beach area and terrace | Bicycle rental | Parking | Air-conditioned rooms | Wake-up call service,2:00 PM,11:00 AM,"In-house multi-cuisine restaurant with ocean views, plus bar and nightclub",https://amararesorts.in/oceanfront-club-resort-in-goa,+91 96151 59494,,,3/5 TripAdvisor (61 reviews); 7.8/10 Trip.com (40 reviews); 3.3/5 Goibibo,"Amara Oceanfront Resort & Club is a compact 28-room resort on Tito's Lane 2, right beside Baga Beach in the heart of North Goa's nightlife district. Rooms range from premium doubles to family and honeymoon suites, and the property has an indoor pool, a multi-cuisine restaurant with ocean views, a bar and its own nightclub. It suits guests who want the beach and Baga's clubs within walking distance.",Steps from Baga Beach on Tito's Lane 2 | Restaurant with ocean views plus bar and nightclub on site | Indoor swimming pool | Family and honeymoon suites up to 450 sq ft | Opened 2020 and renovated 2021,Baga Beach (80 m) | Tito's Lane nightlife (walking distance) | Calangute Beach (approx. 2 km) | Anjuna Beach (approx. 5 km) | Chapora Fort (9.1 km) | Thivim Railway Station (19.2 km) | Dabolim Airport (42 km),high,"Also listed as 'Amara Beach Resort & Club Baga' on Booking.com (4.0/10 from only 5 reviews) and 'Amara Ocean Front Beach Resort' on MakeMyTrip. Guest reviews are mixed: some praise beach access and staff, others report no sea-view rooms, no direct beach connection from the hotel and maintenance issues. Justdial shows 4/5 from 1,048 ratings. Calangute/Anjuna distances are approximate. Pages could not be fetched directly; data from search-result summaries."
35,surf-house-beach-resort-baga,Surf House Beach Resort Baga,Surf House Beach Resort,Beach Hotel,3,Baga,"Next to Bacardi Shack, Baga Beach, Tito's Lane 2, Baga, Calangute, Goa 403516",4500,5700,,,,,,,,,On Baga Beach (approx. 2-minute walk); free beach club on site,,,,27,Deluxe Room | Cottage | Premium Double Room with Sea View,Outdoor swimming pool | Restaurant | Bar/lounge | Beach shack / free beach club on site | Surfing lessons and water sports | Beach umbrellas and beach towels | Free Wi-Fi | Free parking | Air-conditioned rooms | 24-hour front desk | Room service | Daily housekeeping | Luggage storage,2:00 PM,11:00 AM,On-site restaurant and bar plus the Surf House Shack on Baga Beach,https://surfhousebaga.in/,+91 89568 88392 / +91 94595 91111,,,"3.0/5 TripAdvisor (4 reviews, ranked #57 of 70 B&Bs/inns in Baga)","Surf House Beach Resort is a surf-themed beach club and resort that opened in 2025 directly on Baga Beach, next to the Bacardi Shack and a short walk from Tito's Lane. Its 27 rooms include cottages and sea-view premium doubles arranged around an outdoor pool, with a restaurant, bar and beach shack on site. The resort offers surfing lessons for beginners and experienced surfers in the Arabian Sea.","Beachfront position on Baga Beach, 2 minutes from the sand | Surfing lessons and water sports packages | Outdoor pool and on-site beach shack | Cottages and sea-view premium rooms | Walking distance to Tito's Lane nightlife",Baga Beach (2-minute walk) | Tito's Lane (3-minute walk) | Casino Palms (20-minute walk) | Calangute Beach (3-minute drive) | Anjuna Beach (6-minute drive),low,"Newly opened (2025) property with very few reviews: TripAdvisor 3.0/5 from 4 reviews, Hotels.com 4.0/10 from a single review. One review reports the reception accepts cash only. Address given two ways: 'Next to Bacardi Shack, Baga Beach, Calangute 403516' (official/TripAdvisor) and 'Titos Lane 2, Next to Paes Pearl Resort, Baga 403516' (Hotels.com). Star rating of 3 is an OTA classification. Hotels.com lists it as a 'private host' property. Airport/station distances not found. Pages could not be fetched directly; data from search-result summaries."
36,sinq-beach-morjim,"Sinq Beach, Morjim",SinQ Beach Morjim,Beach Hotel,4,Morjim,"H. No. 761/2, Gawdewada, Morjim, Goa 403512",5300,7300,,,,,,,,,"Beachfront, directly on Morjim Beach",57.2,18.3,21.9,30,Deluxe Beach Cottage (non-sea-view balcony) | Tropical Beach Cottage (non-sea-view balcony) | Tropical Beach Suite with bathtub in balcony (non-sea view) | Signature Beach Suite with jacuzzi in balcony (sea view) | Sunset Beach Suite with bathtub in balcony (sea view),"Swimming pool | Beachfront restaurant | Bar / SinQ Beach nightclub with sea-view seating | Complimentary breakfast (7:00 to 10:00 am) | Free Wi-Fi | Free parking | Paid airport shuttle | Air-conditioned rooms with minibar, safe and flat-screen TV | 24-hour front desk | Concierge and tour/ticket assistance | Laundry | Luggage storage | Elevator",,,"SinQ Beach beachfront restaurant and nightclub with sea-view seating, crafted drinks and live music; buffet breakfast included",https://sinq.in/,+91 832 227 6922 (hotel); 1800 212 3578 (SinQ Hospitality),4.1,1401,3/5 TripAdvisor (85 reviews); 7.7/10 Hotels.com (115 reviews),"SinQ Beach Morjim is a 30-room beachfront property from SinQ Hospitality, set directly on Morjim Beach with views over the Arabian Sea. Cottages and suites, several with sea-facing balconies fitted with bathtubs or jacuzzis, sit beside a pool and the brand's beachfront restaurant and nightclub, where sundowners build into evening music. It is around 18 km from Mopa airport and a short drive from Ashvem and Mandrem beaches.",Directly on Morjim Beach with Arabian Sea views | Sea-view suites with jacuzzi or bathtub on the balcony | On-site beachfront restaurant and nightclub | Breakfast included and free parking | About 18 km from Mopa (Manohar International) Airport,Morjim Beach (on site) | Ashvem Beach (approx. 5-minute drive) | Mandrem Beach (approx. 5-minute drive) | Baga Beach (approx. 18 km) | Mopa Airport (18.3 km) | Thivim Railway Station (21.9 km) | Dabolim Airport (57.2 km),medium,"The domain sinqhotels.com given in the brief did not resolve; the brand's live site is sinq.in, where SinQ Beach Morjim appears under nightclubs/pubs while 'SinQ Beach Resort' (a different property in Calangute) appears under hotels. Do not confuse the two. Star rating of 4 is per Google/OTA listings, not a verified official grade. Dabolim distance varies by source (57.2 km by road; one OTA quotes 31 km, likely straight-line). OTA scores vary (6.6/10 on one Expedia-group site, 7.7/10 on Hotels.com) and recent TripAdvisor reviews report maintenance problems. Check-in/out not found. Pages could not be fetched directly; data from search-result summaries."
