id,hotel,drop_photos_into,photos_found,official_site,google_images,google_maps
1,Hotel Delta Residency Goa,images/delta-residency/,0,,https://www.google.com/search?tbm=isch&q=Hotel+Delta+Residency+Goa,https://www.google.com/maps/search/?api=1&query=151%2F20%2C+Gauro+Vaddo%2C+Beach+Road%2C+Near+St.+Anthony%27s+Chapel%2C+Calangute%2C+Bardez%2C+Goa+403516%2C+India
2,Amara Casa Baga,images/amara-casa-baga/,0,,https://www.google.com/search?tbm=isch&q=Amara+Casa+Baga+Goa,https://www.google.com/maps/search/?api=1&query=40%2F7+Saunta+Vaddo%2C+Baga%2C+Bardez%2C+Goa+403509%2C+India
3,SinQ Beach Resort,images/sinq-beach-resort-calangute/,0,https://sinq.in/sinq-beach-resort-calangute,https://www.google.com/search?tbm=isch&q=SinQ+Beach+Resort+Goa,https://www.google.com/maps/search/?api=1&query=Tivai+Vaddo%2C+Opposite+Don+Bosco+Hostel%2C+Calangute%2C+Bardez%2C+Goa+403516%2C+India
4,Silver Shell Resort,images/silver-shell-calangute/,0,,https://www.google.com/search?tbm=isch&q=Silver+Shell+Resort+Goa,https://www.google.com/maps/search/?api=1&query=Plot+369+%28also+listed+as+H.No.+4%2F806%29%2C+Porba+Vaddo%2C+Opposite+Hard+Rock+Hotel%2C+Behind+KFC%2C+Calangute%2C+Bardez%2C+Goa+403516%2C+India
5,Goveia Grand Resort,images/goveia-grand/,0,https://goveiaresort.com/,https://www.google.com/search?tbm=isch&q=Goveia+Grand+Resort+Goa,https://www.google.com/maps/search/?api=1&query=Near+Aradi+Sub+Station%2C+Lane+opposite+Cafe+Coffee+Day%2C+Candolim%2C+Bardez%2C+Goa+403515%2C+India
6,"Regal Sands Hotel - Calangute Goa, by Welcom2Goa",images/regalsand-by-welcome-goa/,0,,https://www.google.com/search?tbm=isch&q=Regal+Sands+Hotel+-+Calangute+Goa%2C+by+Welcom2Goa,https://www.google.com/maps/search/?api=1&query=Naikawaddo%2C+near+Calangute-Anjuna+Road%2C+near+Dharwadkar+Hospital%2C+Dongorpur%2C+Calangute%2C+Goa+403516%2C+India
7,Shalom Indus Residency,images/shalom-indus-residency-candolim/,0,,https://www.google.com/search?tbm=isch&q=Shalom+Indus+Residency+Goa,https://www.google.com/maps/search/?api=1&query=1%2C+Bamon+Vaddo%2C+Candolim%2C+Bardez%2C+Goa+403515%2C+India
8,Aira Beach Resort,images/aira-beach-resort-calangute/,0,https://www.airabeachresort.com/,https://www.google.com/search?tbm=isch&q=Aira+Beach+Resort+Goa,https://www.google.com/maps/search/?api=1&query=H.No.+E-1%2F218%2C+Gauravaddo%2C+Calangute%2C+Bardez%2C+Goa+403516%2C+India
9,Victor Exotica Beach Resort,images/victor-exotica/,0,http://www.victorexoticagoa.com,https://www.google.com/search?tbm=isch&q=Victor+Exotica+Beach+Resort+Goa,https://www.google.com/maps/search/?api=1&query=Fort+Aguada+Road%2C+Bammon+Vaddo%2C+Candolim%2C+Bardez%2C+Goa+403516%2C+India
10,Baga Bliss by Celestiial Hospitality,images/baga-bliss/,0,,https://www.google.com/search?tbm=isch&q=Baga+Bliss+by+Celestiial+Hospitality+Goa,https://www.google.com/maps/search/?api=1&query=SY+No.+194%2F7%2C+Pocket+5-B%2C+Ground+Floor%2C+Khobra+Vaddo%2C+Calangute%2C+Bardez%2C+Goa+403516%2C+India
11,Regenta Place M.A.R.S. Candolim,images/regenta-place-mars/,0,https://www.royalorchidhotels.com/,https://www.google.com/search?tbm=isch&q=Regenta+Place+M.A.R.S.+Candolim+Goa,https://www.google.com/maps/search/?api=1&query=D%2C+Ximer%2C+H.No.+1168%2C+Near+Jamaleshwar+Temple%2C+Gauravaddo%2C+Candolim%2C+Bardez%2C+Goa+403515%2C+India
12,Sibaya Courtyard by Stone Wood Premier,images/sibaya-courtyard/,0,https://www.stonewoodresorts.com/sibaya-courtyard-premium-baga/,https://www.google.com/search?tbm=isch&q=Sibaya+Courtyard+by+Stone+Wood+Premier+Goa,https://www.google.com/maps/search/?api=1&query=H.+No.+236%2F10+B%2C+Khobra+Vaddo%2C+Baga%2C+Bardez%2C+North+Goa+403515
13,Calux Joia Do Mar Resort,images/calux-joia-do-mar-calangute/,0,https://www.joiadomar.com,https://www.google.com/search?tbm=isch&q=Calux+Joia+Do+Mar+Resort+Goa,https://www.google.com/maps/search/?api=1&query=Porba+Vaddo%2C+Calangute-Arpora+Road%2C+Calangute%2C+Bardez%2C+Goa+403516
14,Adamo The Bellus Goa,images/adamo-the-bellus/,0,https://www.adamohotels.com/adamothebellus-goa/,https://www.google.com/search?tbm=isch&q=Adamo+The+Bellus+Goa,https://www.google.com/maps/search/?api=1&query=Naika+Vaddo%2C+Calangute%2C+Bardez%2C+Goa+403516
15,"Bells Beach Resort, A Unit of Resort De Balneaire",images/bells-beach-resort/,0,https://bellsbeachresort.com/,https://www.google.com/search?tbm=isch&q=Bells+Beach+Resort%2C+A+Unit+of+Resort+De+Balneaire+Goa,https://www.google.com/maps/search/?api=1&query=Survey+No.+193%2F3%2C+Porba+Vaddo%2C+Calangute%2C+Bardez%2C+Goa+403516
16,Grandeur De Sanchi - Luxury Beach Resort & Spa,images/grandure-de-sachi/,0,https://www.grandeurdesanchi.com,https://www.google.com/search?tbm=isch&q=Grandeur+De+Sanchi+-+Luxury+Beach+Resort+%26+Spa+Goa,https://www.google.com/maps/search/?api=1&query=1%2F230-A%2C+Holiday+Street%2C+Gaurawaddo%2C+Calangute%2C+Bardez%2C+Goa+403516
17,Verano Hotel & Spa,images/verano-hotel-spa/,0,https://veranohotelgoa.com/,https://www.google.com/search?tbm=isch&q=Verano+Hotel+%26+Spa+Goa,https://www.google.com/maps/search/?api=1&query=80%2F1%2C+Calangute-Mapusa+Road%2C+Fuldem+Waddo%2C+Nagoa%2C+Arpora%2C+Bardez%2C+Goa+403516
18,Sairaj Beach Resort - Calangute Goa,images/sairaj-beach-resort/,0,https://sairajbeachresortgoa.com/,https://www.google.com/search?tbm=isch&q=Sairaj+Beach+Resort+-+Calangute+Goa,https://www.google.com/maps/search/?api=1&query=Survey+No.+166%2F13%2C+Naikawaddo%2C+Near+Poriat+Football+Ground%2C+Calangute%2C+Bardez%2C+Goa+403516
19,Sukhmantra Resort & Spa,images/sukhmantra-resort/,0,https://www.sukhmantra.com,https://www.google.com/search?tbm=isch&q=Sukhmantra+Resort+%26+Spa+Goa,https://www.google.com/maps/search/?api=1&query=317%2FC%2C+Baman+Vaddo%2C+Calangute-Fort+Aguada+Road%2C+Candolim%2C+Bardez%2C+Goa+403515
20,Vagator Downtown by VDP,images/vagator-downtown/,0,https://www.vagatordowntown.com,https://www.google.com/search?tbm=isch&q=Vagator+Downtown+by+VDP+Goa,https://www.google.com/maps/search/?api=1&query=Plot+No.+412%2F3A%2C+Near+Bharat+Petrol+Pump%2C+Deul+Wada%2C+Anjuna-Vagator%2C+Bardez%2C+Goa+403509
21,Casa Pearl by WS,images/casa-pearl/,0,,https://www.google.com/search?tbm=isch&q=Casa+Pearl+by+WS+Goa,https://www.google.com/maps/search/?api=1&query=H.No.+4%2F42+C%2C+Plot+Sy.+No.+363%2F19%2C+Porba+Waddo%2C+Calangute%2C+Bardez%2C+Goa+403516
22,SinQ Symbol,images/sinq-symbol-calangute/,0,https://sinq.in/sinq-symbol-calangute/,https://www.google.com/search?tbm=isch&q=SinQ+Symbol+Goa,https://www.google.com/maps/search/?api=1&query=Sy.+No.+184%2F1%2C+Naika+Vaddo+%28Naika+Waddo%29%2C+Calangute%2C+Bardez%2C+Goa+403516
23,SinQ Party Hotel,images/sinq-party-hotel-candolim/,0,https://sinq.in/,https://www.google.com/search?tbm=isch&q=SinQ+Party+Hotel+Goa,https://www.google.com/maps/search/?api=1&query=Opposite+Taj+Holiday+Village%2C+Sinquerim%2C+Candolim%2C+Bardez%2C+Goa+403515
24,SinQ Privé,images/sinq-prive-candolim/,0,https://sinq.in/our-hotels/sinq-prive/,https://www.google.com/search?tbm=isch&q=SinQ+Priv%C3%A9+Goa,https://www.google.com/maps/search/?api=1&query=Opposite+Taj+Holiday+Village%2C+Aguada+Road%2C+Sinquerim%2C+Candolim%2C+Goa+403515
25,SinQ Anvaya,images/sinq-anvaya-assonora-bicholim/,0,https://sinq.in/our-hotels/sinq-anvaya/,https://www.google.com/search?tbm=isch&q=SinQ+Anvaya+Goa,https://www.google.com/maps/search/?api=1&query=Near+Club+Mahindra%2C+Advalpal%2C+Assonora%2C+Bicholim%2C+Goa+403503
26,Silver Shell Grand,images/silver-shell-grand/,0,,https://www.google.com/search?tbm=isch&q=Silver+Shell+Resort+Goa,https://www.google.com/maps/search/?api=1&query=Plot+369+%2F+H.No.+4%2F80%2C+Porba+Vaddo%2C+Opposite+Hard+Rock+Hotel%2C+Behind+KFC%2C+Calangute%2C+Bardez%2C+Goa+403516
27,Holitel Anjuna Goa,images/holitel-anjuna/,0,https://holitelhotels.com/holitel-anjuna/,https://www.google.com/search?tbm=isch&q=Holitel+Anjuna+Goa,https://www.google.com/maps/search/?api=1&query=511%2F3%2C+Anjuna%2C+Bardez%2C+North+Goa+403509
28,Holitel Calangute,images/holitel-calangute/,0,https://holitelhotels.com/,https://www.google.com/search?tbm=isch&q=Holitel+Calangute+Goa,https://www.google.com/maps/search/?api=1&query=153%2F1%2C+Calangute%2C+Bardez%2C+North+Goa+403516
29,"Simshines Hotels, Villas, Suites & Spa",images/simshines-candolim/,0,https://simshineshotels.com/,https://www.google.com/search?tbm=isch&q=Simshines+Hotels%2C+Villas%2C+Suites+%26+Spa+Goa,https://www.google.com/maps/search/?api=1&query=H.No.+615%2FA%2F2%2C+Sequeira+Vaddo%2C+Candolim%2C+Bardez%2C+Goa+403515
30,La Cabana Beach & Spa,images/la-cabana-beach-spa/,0,https://www.lacabana.in/,https://www.google.com/search?tbm=isch&q=La+Cabana+Beach+%26+Spa+Goa,https://www.google.com/maps/search/?api=1&query=House+No.+224%2C+Ashvem+Beach%2C+Ashvem+Wada%2C+Mandrem%2C+Goa+403527
31,Sibaya Beach Resort by Stone Wood,images/sibaya-beach-resort-by-stonewood/,0,https://www.stonewoodresorts.com/sibaya-beach-resort-morjim/,https://www.google.com/search?tbm=isch&q=Sibaya+Beach+Resort+by+Stone+Wood+Goa,https://www.google.com/maps/search/?api=1&query=182%2F1%2C+Gawdewada%2C+Morjim+Beach%2C+Morjim%2C+Pernem%2C+Goa+403512
32,Dallas Beach Resort,images/dallas-beach-resort-morjim/,0,http://www.dallasbeachresort.com/,https://www.google.com/search?tbm=isch&q=Dallas+Beach+Resort+Goa,https://www.google.com/maps/search/?api=1&query=Survey+No.+211-2A%2C+Ashvem+Beach+Road%2C+Morjim%2C+Goa+403527
33,Aralea Beach Resort by Stone Wood Premier,images/aralia-beach-resort-morjim/,0,https://www.stonewoodresorts.com/aralea-beach-resort-morjim,https://www.google.com/search?tbm=isch&q=Aralea+Beach+Resort+by+Stone+Wood+Premier+Goa,https://www.google.com/maps/search/?api=1&query=Survey+No.+241%2F3%2C+New+Wada%2C+Morjim%2C+Pernem%2C+Goa+403512
34,"Amara Oceanfront Resort & Club, Baga",images/amara-oceanfront/,0,https://amararesorts.in/oceanfront-club-resort-in-goa,https://www.google.com/search?tbm=isch&q=Amara+Oceanfront+Resort+%26+Club%2C+Baga+Goa,https://www.google.com/maps/search/?api=1&query=245%2F8%2C+Tito%27s+Lane+2%2C+Baga%2C+Goa+403516
35,Surf House Beach Resort,images/surf-house-beach-resort-baga/,0,https://surfhousebaga.in/,https://www.google.com/search?tbm=isch&q=Surf+House+Beach+Resort+Goa,https://www.google.com/maps/search/?api=1&query=Next+to+Bacardi+Shack%2C+Baga+Beach%2C+Tito%27s+Lane+2%2C+Baga%2C+Calangute%2C+Goa+403516
36,SinQ Beach Morjim,images/sinq-beach-morjim/,0,https://sinq.in/,https://www.google.com/search?tbm=isch&q=SinQ+Beach+Morjim+Goa,https://www.google.com/maps/search/?api=1&query=H.+No.+761%2F2%2C+Gawdewada%2C+Morjim%2C+Goa+403512
